{
    "train": {
        "loss_step": 0.19845503568649292,
        "appeared": {
            "iou_step": 0.9868766665458679,
            "iou-no-empty_step": 0.8600175380706787,
            "iou_epoch": 0.9874506592750549,
            "iou-no-empty_epoch": 0.8724586367607117
        },
        "disappeared": {
            "iou_step": 0.961249589920044,
            "iou-no-empty_step": 0.5039947628974915,
            "iou_epoch": 0.9717108011245728,
            "iou-no-empty_epoch": 0.5215083956718445
        },
        "loss_epoch": 0.19383521378040314
    },
    "epoch": 1669,
    "step": 68465,
    "validation": {
        "EBLA": {
            "loss": {
                "dataloader": {
                    "2": {
                        "idx": 0.25
                    }
                }
            },
            "appeared": {
                "iou": 0.8478682041168213,
                "iou-no-empty": 0.15016056597232819
            },
            "disappeared": {
                "iou": 0.9092881083488464,
                "iou-no-empty": 0.020310981199145317
            }
        },
        "ASWAN": {
            "loss": {
                "dataloader": {
                    "1": {
                        "idx": 0.44097253680229187
                    }
                }
            },
            "appeared": {
                "iou": 0.8208686113357544,
                "iou-no-empty": 0.15552343428134918
            },
            "disappeared": {
                "iou": 0.8924595713615417,
                "iou-no-empty": 0.021011359989643097
            }
        },
        "DURAEUROPOS": {
            "loss": {
                "dataloader": {
                    "0": {
                        "idx": 0.7435115575790405
                    }
                }
            },
            "appeared": {
                "iou": 0.7888222336769104,
                "iou-no-empty": 0.1351768672466278
            },
            "disappeared": {
                "iou": 0.8861823678016663,
                "iou-no-empty": 0.02116822637617588
            }
        }
    }
}